parte,estructura,metodo,n,repeticiones,media_ns,media_recortada_ns,mediana_ns,min_ns,max_ns,desv_ns
1-List,SinglyLinkedListNoTail,PushFront,10,2000,31.0,25.8,0.0,0,400,47.4
1-List,SinglyLinkedListNoTail,PushBack,10,2000,40.6,36.7,0.0,0,2500,73.6
1-List,SinglyLinkedListNoTail,PopFront,10,2000,27.8,21.7,0.0,0,900,48.6
1-List,SinglyLinkedListNoTail,PopBack,10,2000,35.4,30.9,0.0,0,500,50.1
1-List,SinglyLinkedListNoTail,Find,10,2000,40.5,36.3,0.0,0,2800,78.8
1-List,SinglyLinkedListNoTail,Erase,10,2000,39.2,34.8,0.0,0,2400,72.1
1-List,SinglyLinkedListNoTail,AddBefore,10,2000,31.2,24.8,0.0,0,2400,70.5
1-List,SinglyLinkedListNoTail,AddAfter,10,2000,53.6,41.8,0.0,0,12500,313.4
1-List,SinglyLinkedListNoTail,TopFront,10,2000,43.5,39.8,0.0,0,3000,82.9
1-List,SinglyLinkedListNoTail,TopBack,10,2000,47.0,43.3,0.0,0,4700,115.4
1-List,SinglyLinkedListNoTail,Empty,10,2000,35.1,29.9,0.0,0,2300,69.3
1-List,SinglyLinkedListNoTail,Size,10,2000,42.0,39.8,0.0,0,400,50.0
1-List,SinglyLinkedListNoTail,FindErase,10,2000,61.7,62.5,100.0,0,1000,58.0
1-List,SinglyLinkedListWithTail,PushFront,10,2000,34.0,29.9,0.0,0,100,47.4
1-List,SinglyLinkedListWithTail,PushBack,10,2000,40.1,36.2,0.0,0,1700,62.5
1-List,SinglyLinkedListWithTail,PopFront,10,2000,29.5,23.8,0.0,0,400,47.3
1-List,SinglyLinkedListWithTail,PopBack,10,2000,42.5,40.4,0.0,0,300,49.7
1-List,SinglyLinkedListWithTail,Find,10,2000,50.4,47.3,0.0,0,3200,89.0
1-List,SinglyLinkedListWithTail,Erase,10,2000,41.2,38.1,0.0,0,1400,58.0
1-List,SinglyLinkedListWithTail,AddBefore,10,2000,51.4,43.6,0.0,0,10800,249.0
1-List,SinglyLinkedListWithTail,AddAfter,10,2000,71.8,47.0,0.0,0,33700,798.7
1-List,SinglyLinkedListWithTail,TopFront,10,2000,37.6,33.6,0.0,0,1500,58.3
1-List,SinglyLinkedListWithTail,TopBack,10,2000,39.2,35.9,0.0,0,1000,53.2
1-List,SinglyLinkedListWithTail,Empty,10,2000,42.1,39.3,0.0,0,1400,57.9
1-List,SinglyLinkedListWithTail,Size,10,2000,39.9,37.3,0.0,0,100,49.0
1-List,SinglyLinkedListWithTail,FindErase,10,2000,91.0,85.5,100.0,0,700,71.0
1-List,DoublyLinkedListNoTail,PushFront,10,2000,40.3,37.8,0.0,0,200,49.2
1-List,DoublyLinkedListNoTail,PushBack,10,2000,42.8,40.0,0.0,0,1600,60.4
1-List,DoublyLinkedListNoTail,PopFront,10,2000,35.7,31.8,0.0,0,500,49.0
1-List,DoublyLinkedListNoTail,PopBack,10,2000,41.6,39.1,0.0,0,500,50.7
1-List,DoublyLinkedListNoTail,Find,10,2000,50.3,48.9,0.0,0,2500,74.2
1-List,DoublyLinkedListNoTail,Erase,10,2000,36.6,32.5,0.0,0,1200,54.6
1-List,DoublyLinkedListNoTail,AddBefore,10,2000,38.1,34.1,0.0,0,1600,59.7
1-List,DoublyLinkedListNoTail,AddAfter,10,2000,36.8,32.8,0.0,0,1200,54.6
1-List,DoublyLinkedListNoTail,TopFront,10,2000,36.8,32.8,0.0,0,1300,55.7
1-List,DoublyLinkedListNoTail,TopBack,10,2000,41.8,38.9,0.0,0,1300,56.7
1-List,DoublyLinkedListNoTail,Empty,10,2000,36.7,32.5,0.0,0,1400,56.9
1-List,DoublyLinkedListNoTail,Size,10,2000,41.1,38.2,0.0,0,500,51.0
1-List,DoublyLinkedListNoTail,FindErase,10,2000,70.7,75.2,100.0,0,500,47.4
1-List,DoublyLinkedListWithTail,PushFront,10,2000,42.5,39.5,0.0,0,600,53.5
1-List,DoublyLinkedListWithTail,PushBack,10,2000,32.5,27.0,0.0,0,1200,54.9
1-List,DoublyLinkedListWithTail,PopFront,10,2000,35.4,30.8,0.0,0,400,50.2
1-List,DoublyLinkedListWithTail,PopBack,10,2000,35.1,31.3,0.0,0,200,47.8
1-List,DoublyLinkedListWithTail,Find,10,2000,65.9,58.2,100.0,0,14800,344.2
1-List,DoublyLinkedListWithTail,Erase,10,2000,46.6,43.6,0.0,0,2500,75.2
1-List,DoublyLinkedListWithTail,AddBefore,10,2000,53.0,48.8,0.0,0,5500,141.8
1-List,DoublyLinkedListWithTail,AddAfter,10,2000,52.9,47.9,0.0,0,3100,108.8
1-List,DoublyLinkedListWithTail,TopFront,10,2000,43.5,39.6,0.0,0,3200,86.7
1-List,DoublyLinkedListWithTail,TopBack,10,2000,47.6,44.9,0.0,0,2600,77.2
1-List,DoublyLinkedListWithTail,Empty,10,2000,47.6,45.2,0.0,0,2000,67.5
1-List,DoublyLinkedListWithTail,Size,10,2000,41.7,39.0,0.0,0,500,51.2
1-List,DoublyLinkedListWithTail,FindErase,10,2000,59.6,61.0,100.0,0,900,53.6
1-List,SinglyLinkedListNoTail,PushFront,100,2000,36.9,33.5,0.0,0,200,48.4
1-List,SinglyLinkedListNoTail,PushBack,100,2000,257.6,200.1,200.0,100,104500,2333.1
1-List,SinglyLinkedListNoTail,PopFront,100,2000,37.5,33.8,0.0,0,500,50.1
1-List,SinglyLinkedListNoTail,PopBack,100,2000,219.1,210.2,200.0,200,1800,52.9
1-List,SinglyLinkedListNoTail,Find,100,2000,171.6,170.2,200.0,0,4800,134.6
1-List,SinglyLinkedListNoTail,Erase,100,2000,149.7,150.3,200.0,0,1800,88.0
1-List,SinglyLinkedListNoTail,AddBefore,100,2000,183.0,181.6,200.0,0,2200,103.3
1-List,SinglyLinkedListNoTail,AddAfter,100,2000,47.8,44.4,0.0,0,3000,84.9
1-List,SinglyLinkedListNoTail,TopFront,100,2000,41.6,37.3,0.0,0,2200,70.2
1-List,SinglyLinkedListNoTail,TopBack,100,2000,219.2,209.9,200.0,200,2500,64.0
1-List,SinglyLinkedListNoTail,Empty,100,2000,39.4,35.8,0.0,0,1600,60.0
1-List,SinglyLinkedListNoTail,Size,100,2000,40.4,37.9,0.0,0,200,49.2
1-List,SinglyLinkedListNoTail,FindErase,100,2000,413.2,410.3,400.0,0,2800,217.7
1-List,SinglyLinkedListWithTail,PushFront,100,2000,30.1,25.1,0.0,0,200,46.0
1-List,SinglyLinkedListWithTail,PushBack,100,2000,46.8,44.8,0.0,0,1300,58.1
1-List,SinglyLinkedListWithTail,PopFront,100,2000,41.2,38.7,0.0,0,400,49.9
1-List,SinglyLinkedListWithTail,PopBack,100,2000,236.0,231.9,200.0,200,1100,51.6
1-List,SinglyLinkedListWithTail,Find,100,2000,227.1,219.6,200.0,0,4400,163.6
1-List,SinglyLinkedListWithTail,Erase,100,2000,183.0,171.9,200.0,0,21500,489.3
1-List,SinglyLinkedListWithTail,AddBefore,100,2000,157.1,149.8,100.0,0,9800,242.9
1-List,SinglyLinkedListWithTail,AddAfter,100,2000,36.2,31.0,0.0,0,2600,74.8
1-List,SinglyLinkedListWithTail,TopFront,100,2000,31.8,26.7,0.0,0,900,50.3
1-List,SinglyLinkedListWithTail,TopBack,100,2000,38.5,28.4,0.0,0,9700,225.5
1-List,SinglyLinkedListWithTail,Empty,100,2000,38.9,34.9,0.0,0,1900,63.9
1-List,SinglyLinkedListWithTail,Size,100,2000,33.0,28.6,0.0,0,300,47.3
1-List,SinglyLinkedListWithTail,FindErase,100,2000,291.1,280.4,300.0,0,15100,364.3
1-List,DoublyLinkedListNoTail,PushFront,100,2000,33.8,29.6,0.0,0,200,47.4
1-List,DoublyLinkedListNoTail,PushBack,100,2000,173.0,176.1,200.0,100,2000,69.5
1-List,DoublyLinkedListNoTail,PopFront,100,2000,33.3,29.0,0.0,0,300,47.5
1-List,DoublyLinkedListNoTail,PopBack,100,2000,197.4,199.5,200.0,100,1200,51.5
1-List,DoublyLinkedListNoTail,Find,100,2000,204.9,194.3,200.0,0,10900,269.6
1-List,DoublyLinkedListNoTail,Erase,100,2000,41.9,38.2,0.0,0,2700,77.1
1-List,DoublyLinkedListNoTail,AddBefore,100,2000,39.2,35.4,0.0,0,1700,61.3
1-List,DoublyLinkedListNoTail,AddAfter,100,2000,35.1,29.8,0.0,0,2500,72.7
1-List,DoublyLinkedListNoTail,TopFront,100,2000,36.4,31.9,0.0,0,1500,58.4
1-List,DoublyLinkedListNoTail,TopBack,100,2000,183.5,187.0,200.0,100,2100,67.7
1-List,DoublyLinkedListNoTail,Empty,100,2000,32.2,26.8,0.0,0,1700,59.5
1-List,DoublyLinkedListNoTail,Size,100,2000,44.5,37.6,0.0,0,8800,201.9
1-List,DoublyLinkedListNoTail,FindErase,100,2000,213.9,200.8,200.0,0,1200,138.6
1-List,DoublyLinkedListWithTail,PushFront,100,2000,39.1,35.8,0.0,0,400,50.4
1-List,DoublyLinkedListWithTail,PushBack,100,2000,37.0,32.9,0.0,0,1400,57.0
1-List,DoublyLinkedListWithTail,PopFront,100,2000,35.4,31.6,0.0,0,200,47.9
1-List,DoublyLinkedListWithTail,PopBack,100,2000,41.0,38.3,0.0,0,400,50.3
1-List,DoublyLinkedListWithTail,Find,100,2000,302.1,288.8,300.0,0,17700,424.2
1-List,DoublyLinkedListWithTail,Erase,100,2000,42.0,38.5,0.0,0,1800,63.9
1-List,DoublyLinkedListWithTail,AddBefore,100,2000,42.1,38.9,0.0,0,1800,63.5
1-List,DoublyLinkedListWithTail,AddAfter,100,2000,38.9,34.7,0.0,0,2000,65.7
1-List,DoublyLinkedListWithTail,TopFront,100,2000,34.5,28.8,0.0,0,2300,70.2
1-List,DoublyLinkedListWithTail,TopBack,100,2000,36.5,32.4,0.0,0,1100,53.6
1-List,DoublyLinkedListWithTail,Empty,100,2000,47.0,35.9,0.0,0,14900,338.1
1-List,DoublyLinkedListWithTail,Size,100,2000,37.7,34.3,0.0,0,300,49.2
1-List,DoublyLinkedListWithTail,FindErase,100,2000,206.1,204.8,200.0,0,800,98.9
1-List,SinglyLinkedListNoTail,PushFront,10000,500,39.6,35.8,0.0,0,400,52.5
1-List,SinglyLinkedListNoTail,PushBack,10000,500,16671.6,15744.0,15200.0,12800,105000,7314.7
1-List,SinglyLinkedListNoTail,PopFront,10000,500,39.4,33.0,0.0,0,1100,70.1
1-List,SinglyLinkedListNoTail,PopBack,10000,500,17765.0,17094.5,17000.0,15000,84600,5297.7
1-List,SinglyLinkedListNoTail,Find,10000,500,16152.8,15692.8,15450.0,0,71000,10023.5
1-List,SinglyLinkedListNoTail,Erase,10000,500,9905.2,9676.0,9600.0,100,60300,6254.9
1-List,SinglyLinkedListNoTail,AddBefore,10000,500,14505.4,14224.3,14500.0,100,43800,9176.3
1-List,SinglyLinkedListNoTail,AddAfter,10000,500,59.2,41.5,0.0,0,4600,242.3
1-List,SinglyLinkedListNoTail,TopFront,10000,500,34.8,22.8,0.0,0,2700,131.2
1-List,SinglyLinkedListNoTail,TopBack,10000,500,12430.8,11639.0,11200.0,11100,199900,8683.3
1-List,SinglyLinkedListNoTail,Empty,10000,500,29.2,21.3,0.0,0,1200,68.7
1-List,SinglyLinkedListNoTail,Size,10000,500,26.2,20.0,0.0,0,200,44.5
1-List,SinglyLinkedListNoTail,FindErase,10000,500,23608.8,23325.5,22750.0,200,163000,14718.4
1-List,SinglyLinkedListWithTail,PushFront,10000,500,37.6,34.3,0.0,0,200,48.9
1-List,SinglyLinkedListWithTail,PushBack,10000,500,36.2,31.0,0.0,0,800,58.6
1-List,SinglyLinkedListWithTail,PopFront,10000,500,24.8,17.8,0.0,0,400,45.9
1-List,SinglyLinkedListWithTail,PopBack,10000,500,13264.6,12291.8,11700.0,11100,218900,9803.8
1-List,SinglyLinkedListWithTail,Find,10000,500,14431.8,14049.5,13650.0,100,60000,9221.4
1-List,SinglyLinkedListWithTail,Erase,10000,500,9559.6,9004.8,9100.0,0,47000,6682.5
1-List,SinglyLinkedListWithTail,AddBefore,10000,500,14846.0,13801.8,13800.0,0,71200,10644.5
1-List,SinglyLinkedListWithTail,AddAfter,10000,500,47.0,36.3,0.0,0,2900,140.3
1-List,SinglyLinkedListWithTail,TopFront,10000,500,34.4,22.3,0.0,0,3400,157.3
1-List,SinglyLinkedListWithTail,TopBack,10000,500,26.4,15.5,0.0,0,2100,101.8
1-List,SinglyLinkedListWithTail,Empty,10000,500,29.8,19.8,0.0,0,2100,102.5
1-List,SinglyLinkedListWithTail,Size,10000,500,27.6,21.8,0.0,0,200,45.2
1-List,SinglyLinkedListWithTail,FindErase,10000,500,23116.8,22574.3,22600.0,100,201400,16153.9
1-List,DoublyLinkedListNoTail,PushFront,10000,500,26.0,20.0,0.0,0,100,43.9
1-List,DoublyLinkedListNoTail,PushBack,10000,500,12814.0,12378.5,12300.0,11100,66500,3075.3
1-List,DoublyLinkedListNoTail,PopFront,10000,500,39.4,34.8,0.0,0,800,59.6
1-List,DoublyLinkedListNoTail,PopBack,10000,500,12958.0,12504.5,11900.0,11100,34400,2385.4
1-List,DoublyLinkedListNoTail,Find,10000,500,24603.4,17648.8,17950.0,0,1563400,82293.7
1-List,DoublyLinkedListNoTail,Erase,10000,500,45.6,36.5,0.0,0,1700,106.5
1-List,DoublyLinkedListNoTail,AddBefore,10000,500,76.8,55.5,100.0,0,6000,283.7
1-List,DoublyLinkedListNoTail,AddAfter,10000,500,68.6,47.3,0.0,0,8500,383.1
1-List,DoublyLinkedListNoTail,TopFront,10000,500,53.8,35.5,0.0,0,7800,350.5
1-List,DoublyLinkedListNoTail,TopBack,10000,500,13818.8,13455.5,12600.0,11700,33600,2510.3
1-List,DoublyLinkedListNoTail,Empty,10000,500,40.4,26.3,0.0,0,4000,185.1
1-List,DoublyLinkedListNoTail,Size,10000,500,36.2,32.0,0.0,0,400,50.5
1-List,DoublyLinkedListNoTail,FindErase,10000,500,17025.4,15783.3,14950.0,0,218600,14230.4
1-List,DoublyLinkedListWithTail,PushFront,10000,500,30.2,24.8,0.0,0,300,47.2
1-List,DoublyLinkedListWithTail,PushBack,10000,500,42.2,36.5,0.0,0,1600,85.2
1-List,DoublyLinkedListWithTail,PopFront,10000,500,39.4,35.8,0.0,0,500,52.9
1-List,DoublyLinkedListWithTail,PopBack,10000,500,48.4,45.5,0.0,0,400,56.4
1-List,DoublyLinkedListWithTail,Find,10000,500,19149.6,18290.0,17950.0,100,67100,12272.9
1-List,DoublyLinkedListWithTail,Erase,10000,500,44.4,34.5,0.0,0,3500,162.2
1-List,DoublyLinkedListWithTail,AddBefore,10000,500,38.8,30.8,0.0,0,1700,90.5
1-List,DoublyLinkedListWithTail,AddAfter,10000,500,43.4,36.5,0.0,0,1900,97.8
1-List,DoublyLinkedListWithTail,TopFront,10000,500,37.2,26.8,0.0,0,3000,140.6
1-List,DoublyLinkedListWithTail,TopBack,10000,500,35.0,28.5,0.0,0,1200,70.2
1-List,DoublyLinkedListWithTail,Empty,10000,500,28.0,20.8,0.0,0,800,56.1
1-List,DoublyLinkedListWithTail,Size,10000,500,27.0,20.0,0.0,0,300,47.1
1-List,DoublyLinkedListWithTail,FindErase,10000,500,14238.2,14166.5,14500.0,0,35700,8157.9
1-List,SinglyLinkedListNoTail,PushFront,1000000,50,40.0,22.5,0.0,0,600,94.8
1-List,SinglyLinkedListNoTail,PushBack,1000000,50,1909304.0,1896822.5,1836950.0,1398500,2641200,305553.2
1-List,SinglyLinkedListNoTail,PopFront,1000000,50,36.0,15.0,0.0,0,800,117.4
1-List,SinglyLinkedListNoTail,PopBack,1000000,50,2331296.0,2302205.0,2302100.0,1713900,3325000,337146.7
1-List,SinglyLinkedListNoTail,Find,1000000,50,2788412.0,2729242.5,2873350.0,43500,6639100,1832356.5
1-List,SinglyLinkedListNoTail,Erase,1000000,50,1109822.0,1083495.0,1104850.0,8400,3512000,653249.4
1-List,SinglyLinkedListNoTail,AddBefore,1000000,50,2014268.0,1930672.5,1888800.0,32700,5074900,1331437.2
1-List,SinglyLinkedListNoTail,AddAfter,1000000,50,1286.0,1125.0,1100.0,100,9800,1275.7
1-List,SinglyLinkedListNoTail,TopFront,1000000,50,164.0,20.0,0.0,0,7000,987.4
1-List,SinglyLinkedListNoTail,TopBack,1000000,50,2085162.0,2057892.5,2040450.0,1515900,3267800,345702.5
1-List,SinglyLinkedListNoTail,Empty,1000000,50,258.0,35.0,0.0,0,11100,1565.3
1-List,SinglyLinkedListNoTail,Size,1000000,50,38.0,32.5,0.0,0,200,53.0
1-List,SinglyLinkedListNoTail,FindErase,1000000,50,2815678.0,2730345.0,2620700.0,74700,7129100,1877504.9
1-List,SinglyLinkedListWithTail,PushFront,1000000,50,28.0,22.5,0.0,0,100,45.4
1-List,SinglyLinkedListWithTail,PushBack,1000000,50,820.0,825.0,800.0,300,1300,274.8
1-List,SinglyLinkedListWithTail,PopFront,1000000,50,44.0,25.0,0.0,0,800,118.1
1-List,SinglyLinkedListWithTail,PopBack,1000000,50,1823944.0,1811107.5,1842000.0,1400800,2793500,281518.2
1-List,SinglyLinkedListWithTail,Find,1000000,50,2135450.0,2014232.5,1910900.0,104300,5802000,1428487.8
1-List,SinglyLinkedListWithTail,Erase,1000000,50,967498.0,923852.5,912350.0,3500,3965400,712515.3
1-List,SinglyLinkedListWithTail,AddBefore,1000000,50,1784166.0,1728137.5,1695300.0,97600,4329700,1212252.3
1-List,SinglyLinkedListWithTail,AddAfter,1000000,50,1078.0,962.5,950.0,200,7100,956.2
1-List,SinglyLinkedListWithTail,TopFront,1000000,50,168.0,25.0,0.0,0,7000,986.9
1-List,SinglyLinkedListWithTail,TopBack,1000000,50,58.0,20.0,0.0,0,1700,240.8
1-List,SinglyLinkedListWithTail,Empty,1000000,50,98.0,52.5,100.0,0,1400,244.5
1-List,SinglyLinkedListWithTail,Size,1000000,50,68.0,65.0,100.0,0,400,68.3
1-List,SinglyLinkedListWithTail,FindErase,1000000,50,3172592.0,3176147.5,2724650.0,52900,8323700,1990493.6
1-List,DoublyLinkedListNoTail,PushFront,1000000,50,64.0,47.5,0.0,0,900,130.6
1-List,DoublyLinkedListNoTail,PushBack,1000000,50,1863364.0,1816627.5,1834400.0,1361100,2880300,325302.0
1-List,DoublyLinkedListNoTail,PopFront,1000000,50,84.0,67.5,100.0,0,1100,154.3
1-List,DoublyLinkedListNoTail,PopBack,1000000,50,1773630.0,1743570.0,1673550.0,1397000,2721000,292516.3
1-List,DoublyLinkedListNoTail,Find,1000000,50,2207384.0,2202872.5,2458850.0,46500,4694600,1196778.3
1-List,DoublyLinkedListNoTail,Erase,1000000,50,1322.0,1210.0,1150.0,200,4200,821.2
1-List,DoublyLinkedListNoTail,AddBefore,1000000,50,1990.0,1802.5,1850.0,700,10400,1421.3
1-List,DoublyLinkedListNoTail,AddAfter,1000000,50,1660.0,1425.0,1400.0,200,11600,1575.4
1-List,DoublyLinkedListNoTail,TopFront,1000000,50,192.0,75.0,100.0,0,6200,868.2
1-List,DoublyLinkedListNoTail,TopBack,1000000,50,1808682.0,1781035.0,1786800.0,1394100,2763400,264189.6
1-List,DoublyLinkedListNoTail,Empty,1000000,50,146.0,35.0,0.0,0,5500,774.1
1-List,DoublyLinkedListNoTail,Size,1000000,50,40.0,35.0,0.0,0,200,53.5
1-List,DoublyLinkedListNoTail,FindErase,1000000,50,1707438.0,1576717.5,1188650.0,89400,5309100,1286156.7
1-List,DoublyLinkedListWithTail,PushFront,1000000,50,66.0,55.0,100.0,0,700,104.2
1-List,DoublyLinkedListWithTail,PushBack,1000000,50,82.0,65.0,100.0,0,1100,154.8
1-List,DoublyLinkedListWithTail,PopFront,1000000,50,72.0,72.5,100.0,0,300,57.3
1-List,DoublyLinkedListWithTail,PopBack,1000000,50,60.0,60.0,100.0,0,200,53.5
1-List,DoublyLinkedListWithTail,Find,1000000,50,1916496.0,1863595.0,1944750.0,90800,5667400,1178825.5
1-List,DoublyLinkedListWithTail,Erase,1000000,50,1562.0,1447.5,1400.0,100,9000,1295.2
1-List,DoublyLinkedListWithTail,AddBefore,1000000,50,1782.0,1665.0,1600.0,300,4900,986.6
1-List,DoublyLinkedListWithTail,AddAfter,1000000,50,1912.0,1800.0,1700.0,300,7500,1157.9
1-List,DoublyLinkedListWithTail,TopFront,1000000,50,204.0,65.0,100.0,0,7200,1010.8
1-List,DoublyLinkedListWithTail,TopBack,1000000,50,100.0,65.0,100.0,0,2000,278.5
1-List,DoublyLinkedListWithTail,Empty,1000000,50,78.0,57.5,100.0,0,1200,169.4
1-List,DoublyLinkedListWithTail,Size,1000000,50,150.0,60.0,100.0,0,4600,644.4
1-List,DoublyLinkedListWithTail,FindErase,1000000,50,2171944.0,2079640.0,2136750.0,12900,6021300,1442450.0
1-List,SinglyLinkedListNoTail,PushFront,10000000,20,990.0,62.5,100.0,0,18700,4168.8
1-List,SinglyLinkedListNoTail,PushBack,10000000,20,21621090.0,20576600.0,18420000.0,15463100,39222400,6381925.0
1-List,SinglyLinkedListNoTail,PopFront,10000000,20,525.0,62.5,100.0,0,9400,2089.5
1-List,SinglyLinkedListNoTail,PopBack,10000000,20,19896510.0,19744168.8,19956200.0,17515400,24501500,1550344.6
1-List,SinglyLinkedListNoTail,Find,10000000,20,111324165.0,117349325.0,134234650.0,115500,177303000,54278362.5
1-List,SinglyLinkedListNoTail,Erase,10000000,20,10254885.0,9817793.8,9522000.0,1069500,22352400,6072161.5
1-List,SinglyLinkedListNoTail,AddBefore,10000000,20,19551300.0,18699037.5,13259400.0,1104500,47899300,14159555.2
1-List,SinglyLinkedListNoTail,AddAfter,10000000,20,10420.0,8675.0,1050.0,300,43000,13046.9
1-List,SinglyLinkedListNoTail,TopFront,10000000,20,765.0,43.8,0.0,0,14500,3233.3
1-List,SinglyLinkedListNoTail,TopBack,10000000,20,24845030.0,23494725.0,22148550.0,17512400,51710900,8107018.3
1-List,SinglyLinkedListNoTail,Empty,10000000,20,805.0,56.3,100.0,0,15100,3365.1
1-List,SinglyLinkedListNoTail,Size,10000000,20,505.0,81.3,100.0,0,8700,1929.4
1-List,SinglyLinkedListNoTail,FindErase,10000000,20,178692615.0,176884868.8,197246450.0,6561400,367275700,130799561.0
1-List,SinglyLinkedListWithTail,PushFront,10000000,20,2710.0,100.0,100.0,0,52200,11649.0
1-List,SinglyLinkedListWithTail,PushBack,10000000,20,4200.0,2387.5,2400.0,1400,39600,8345.6
1-List,SinglyLinkedListWithTail,PopFront,10000000,20,1710.0,50.0,50.0,0,33200,7412.2
1-List,SinglyLinkedListWithTail,PopBack,10000000,20,26930155.0,26753393.8,27000850.0,16776500,39486300,7238500.8
1-List,SinglyLinkedListWithTail,Find,10000000,20,133470030.0,133801912.5,131336050.0,17959000,251627700,70246836.5
1-List,SinglyLinkedListWithTail,Erase,10000000,20,14392025.0,14397731.3,14106800.0,1024600,27910800,7836266.2
1-List,SinglyLinkedListWithTail,AddBefore,10000000,20,22411510.0,21186543.8,14777750.0,591000,57232800,16612667.7
1-List,SinglyLinkedListWithTail,AddAfter,10000000,20,8220.0,4950.0,2800.0,2300,49000,12485.8
1-List,SinglyLinkedListWithTail,TopFront,10000000,20,2885.0,0.0,0.0,0,57600,12878.6
1-List,SinglyLinkedListWithTail,TopBack,10000000,20,425.0,6.3,0.0,0,8300,1853.8
1-List,SinglyLinkedListWithTail,Empty,10000000,20,300.0,6.3,0.0,0,5800,1294.9
1-List,SinglyLinkedListWithTail,Size,10000000,20,260.0,31.3,0.0,0,4600,1022.6
1-List,SinglyLinkedListWithTail,FindErase,10000000,20,119824535.0,113917750.0,111319600.0,21027200,268629800,68626798.6
1-List,DoublyLinkedListNoTail,PushFront,10000000,20,60.0,56.3,100.0,0,200,59.8
1-List,DoublyLinkedListNoTail,PushBack,10000000,20,22944130.0,22708868.8,22929800.0,15729400,32213100,5220888.3
1-List,DoublyLinkedListNoTail,PopFront,10000000,20,60.0,12.5,0.0,0,900,201.0
1-List,DoublyLinkedListNoTail,PopBack,10000000,20,17230500.0,17001506.3,16850750.0,14278300,22137700,1894739.3
1-List,DoublyLinkedListNoTail,Find,10000000,20,96835345.0,93081387.5,64272250.0,5419000,231009600,75817435.4
1-List,DoublyLinkedListNoTail,Erase,10000000,20,3410.0,2868.8,2400.0,1900,11900,2322.6
1-List,DoublyLinkedListNoTail,AddBefore,10000000,20,3495.0,3037.5,3050.0,2000,11800,2122.9
1-List,DoublyLinkedListNoTail,AddAfter,10000000,20,3615.0,2937.5,2750.0,2100,10600,2439.4
1-List,DoublyLinkedListNoTail,TopFront,10000000,20,290.0,68.8,100.0,0,4600,1015.6
1-List,DoublyLinkedListNoTail,TopBack,10000000,20,22499990.0,21928418.8,20813250.0,16172000,33349100,5117937.4
1-List,DoublyLinkedListNoTail,Empty,10000000,20,315.0,37.5,0.0,0,5600,1244.9
1-List,DoublyLinkedListNoTail,Size,10000000,20,45.0,37.5,0.0,0,200,60.5
1-List,DoublyLinkedListNoTail,FindErase,10000000,20,92158095.0,83936818.8,81182100.0,9604100,248439900,70729244.1
1-List,DoublyLinkedListWithTail,PushFront,10000000,20,30.0,18.8,0.0,0,200,57.1
1-List,DoublyLinkedListWithTail,PushBack,10000000,20,80.0,12.5,0.0,0,1300,289.5
1-List,DoublyLinkedListWithTail,PopFront,10000000,20,65.0,37.5,0.0,0,600,134.8
1-List,DoublyLinkedListWithTail,PopBack,10000000,20,40.0,12.5,0.0,0,500,114.2
1-List,DoublyLinkedListWithTail,Find,10000000,20,136847185.0,138717050.0,129066750.0,2682900,266348100,79292167.2
1-List,DoublyLinkedListWithTail,Erase,10000000,20,2575.0,2056.3,2050.0,1500,13000,2474.5
1-List,DoublyLinkedListWithTail,AddBefore,10000000,20,2655.0,2225.0,2150.0,1700,11100,2011.4
1-List,DoublyLinkedListWithTail,AddAfter,10000000,20,2560.0,2143.8,2150.0,1700,10800,1958.9
1-List,DoublyLinkedListWithTail,TopFront,10000000,20,325.0,31.3,0.0,0,5900,1313.0
1-List,DoublyLinkedListWithTail,TopBack,10000000,20,105.0,25.0,0.0,0,1600,354.6
1-List,DoublyLinkedListWithTail,Empty,10000000,20,70.0,18.8,0.0,0,1000,222.7
1-List,DoublyLinkedListWithTail,Size,10000000,20,30.0,25.0,0.0,0,100,47.0
1-List,DoublyLinkedListWithTail,FindErase,10000000,20,87415900.0,84579475.0,89629500.0,11921600,184416600,51137642.8
2-StackQueue,ArrayStack,push,10,2000,126.6,109.7,100.0,0,6300,156.8
2-StackQueue,ArrayStack,pop,10,2000,155.8,149.1,100.0,100,1300,76.7
2-StackQueue,ArrayStack,peek,10,2000,133.5,121.3,100.0,100,1600,74.9
2-StackQueue,ArrayStack,isEmpty,10,2000,296.9,130.4,100.0,0,270400,6072.5
2-StackQueue,ArrayStack,size,10,2000,245.5,107.4,100.0,100,223100,5010.3
2-StackQueue,ArrayStack,delete,10,2000,1251.1,1119.3,1100.0,200,64100,2374.4
2-StackQueue,ArrayQueue,enqueue,10,2000,141.0,122.9,100.0,0,10900,252.4
2-StackQueue,ArrayQueue,dequeue,10,2000,59.8,51.9,100.0,0,12500,289.9
2-StackQueue,ArrayQueue,front,10,2000,66.1,65.5,100.0,0,2100,73.0
2-StackQueue,ArrayQueue,isEmpty,10,2000,77.1,76.4,100.0,0,1500,67.1
2-StackQueue,ArrayQueue,size,10,2000,68.9,69.2,100.0,0,2000,71.3
2-StackQueue,ArrayQueue,delete,10,2000,866.2,829.9,800.0,500,11900,411.4
2-Resize,ArrayStack,push_peor_caso,10,50,2906.0,815.0,800.0,600,99800,14001.8
2-Resize,ArrayQueue,enqueue_peor_caso,10,50,714.0,655.0,600.0,500,2400,289.3
2-Resize,ArrayStack,push_amortizado,10,50,919.4,836.0,795.0,310,3030,525.2
2-Resize,ArrayQueue,enqueue_amortizado,10,50,921.2,857.5,785.0,320,2410,481.8
2-StackQueue,ArrayStack,push,100,2000,103.8,100.0,100.0,0,2100,56.9
2-StackQueue,ArrayStack,pop,100,2000,220.7,211.7,200.0,100,1300,74.2
2-StackQueue,ArrayStack,peek,100,2000,157.5,142.3,100.0,0,27700,621.4
2-StackQueue,ArrayStack,isEmpty,100,2000,114.8,101.3,100.0,0,2800,85.4
2-StackQueue,ArrayStack,size,100,2000,86.1,93.3,100.0,0,2700,69.1
2-StackQueue,ArrayStack,delete,100,2000,8097.5,7791.9,7800.0,200,48300,4991.4
2-StackQueue,ArrayQueue,enqueue,100,2000,113.5,104.9,100.0,0,500,37.5
2-StackQueue,ArrayQueue,dequeue,100,2000,224.6,211.9,200.0,100,1400,68.5
2-StackQueue,ArrayQueue,front,100,2000,225.9,216.2,200.0,100,1000,70.4
2-StackQueue,ArrayQueue,isEmpty,100,2000,132.6,121.4,100.0,100,3300,120.5
2-StackQueue,ArrayQueue,size,100,2000,119.5,100.0,100.0,0,20200,453.6
2-StackQueue,ArrayQueue,delete,100,2000,7607.4,7227.4,7100.0,300,88800,5098.4
2-Resize,ArrayStack,push_peor_caso,100,50,3668.0,3342.5,3400.0,1900,15600,1977.3
2-Resize,ArrayQueue,enqueue_peor_caso,100,50,4010.0,3680.0,3600.0,2200,12300,1735.3
2-Resize,ArrayStack,push_amortizado,100,50,346.9,248.2,240.5,96,4489,611.3
2-Resize,ArrayQueue,enqueue_amortizado,100,50,234.8,225.5,225.5,94,523,99.1
2-StackQueue,ArrayStack,push,10000,500,167.6,168.3,200.0,100,1600,80.3
2-StackQueue,ArrayStack,pop,10000,500,265.8,255.3,300.0,200,2500,142.6
2-StackQueue,ArrayStack,peek,10000,500,146.8,138.5,100.0,100,3100,141.3
2-StackQueue,ArrayStack,isEmpty,10000,500,1056.0,107.3,100.0,100,467800,20915.5
2-StackQueue,ArrayStack,size,10000,500,135.6,137.8,100.0,0,1600,93.3
2-StackQueue,ArrayStack,delete,10000,500,127726.2,93515.3,54750.0,500,1145400,167640.8
2-StackQueue,ArrayQueue,enqueue,10000,500,59.0,46.0,0.0,0,6200,279.7
2-StackQueue,ArrayQueue,dequeue,10000,500,59.0,49.8,0.0,0,4700,213.9
2-StackQueue,ArrayQueue,front,10000,500,45.4,44.0,0.0,0,200,50.2
2-StackQueue,ArrayQueue,isEmpty,10000,500,119.0,46.5,0.0,0,35900,1604.2
2-StackQueue,ArrayQueue,size,10000,500,43.8,42.0,0.0,0,200,50.1
2-StackQueue,ArrayQueue,delete,10000,500,48594.2,47390.0,47350.0,21400,367400,20397.1
2-Resize,ArrayStack,push_peor_caso,10000,50,22776.0,21957.5,21600.0,20800,36500,3183.3
2-Resize,ArrayQueue,enqueue_peor_caso,10000,50,23126.0,22480.0,22000.0,20900,35500,2813.4
2-Resize,ArrayStack,push_amortizado,10000,50,10.3,9.9,9.0,6,19,3.8
2-Resize,ArrayQueue,enqueue_amortizado,10000,50,10.2,9.9,9.0,4,21,3.5
2-StackQueue,ArrayStack,push,1000000,50,160.0,40.0,0.0,0,6000,844.2
2-StackQueue,ArrayStack,pop,1000000,50,154.0,35.0,0.0,0,5900,830.6
2-StackQueue,ArrayStack,peek,1000000,50,180.0,47.5,0.0,0,6700,942.2
2-StackQueue,ArrayStack,isEmpty,1000000,50,54.0,50.0,50.0,0,300,61.3
2-StackQueue,ArrayStack,size,1000000,50,48.0,47.5,0.0,0,100,50.5
2-StackQueue,ArrayStack,delete,1000000,50,4058314.0,3907577.5,4042500.0,137300,10162800,2503608.6
2-StackQueue,ArrayQueue,enqueue,1000000,50,34.0,27.5,0.0,0,200,51.9
2-StackQueue,ArrayQueue,dequeue,1000000,50,62.0,52.5,100.0,0,400,75.3
2-StackQueue,ArrayQueue,front,1000000,50,50.0,45.0,0.0,0,300,61.4
2-StackQueue,ArrayQueue,isEmpty,1000000,50,50.0,47.5,0.0,0,200,54.4
2-StackQueue,ArrayQueue,size,1000000,50,72.0,72.5,100.0,0,300,57.3
2-StackQueue,ArrayQueue,delete,1000000,50,4697812.0,4599182.5,4596450.0,2081000,8120700,1647362.5
2-Resize,ArrayStack,push_peor_caso,1000000,10,1666560.0,1654425.0,1530050.0,1338500,2091700,303800.6
2-Resize,ArrayQueue,enqueue_peor_caso,1000000,10,2172360.0,2069012.5,2003200.0,1688900,3482600,497843.6
2-Resize,ArrayStack,push_amortizado,1000000,10,4.5,4.4,4.0,4,6,0.7
2-Resize,ArrayQueue,enqueue_amortizado,1000000,10,4.4,4.4,4.0,4,5,0.5
2-StackQueue,ArrayStack,push,10000000,20,35.0,18.8,0.0,0,300,74.5
2-StackQueue,ArrayStack,pop,10000000,20,95.0,50.0,50.0,0,1000,218.8
2-StackQueue,ArrayStack,peek,10000000,20,115.0,37.5,0.0,0,1600,352.8
2-StackQueue,ArrayStack,isEmpty,10000000,20,40.0,37.5,0.0,0,100,50.3
2-StackQueue,ArrayStack,size,10000000,20,25.0,18.8,0.0,0,100,44.4
2-StackQueue,ArrayStack,delete,10000000,20,20653950.0,20807843.8,21699350.0,3726200,34998000,9095383.1
2-StackQueue,ArrayQueue,enqueue,10000000,20,30.0,18.8,0.0,0,200,57.1
2-StackQueue,ArrayQueue,dequeue,10000000,20,80.0,43.8,0.0,0,600,147.3
2-StackQueue,ArrayQueue,front,10000000,20,40.0,37.5,0.0,0,100,50.3
2-StackQueue,ArrayQueue,isEmpty,10000000,20,40.0,37.5,0.0,0,100,50.3
2-StackQueue,ArrayQueue,size,10000000,20,10.0,0.0,0.0,0,100,30.8
2-StackQueue,ArrayQueue,delete,10000000,20,20054220.0,19927737.5,19995900.0,14279000,26760100,3878213.3
2-Resize,ArrayStack,push_peor_caso,10000000,5,37782340.0,30687366.7,24316600.0,16266100,80583500,27444756.6
2-Resize,ArrayQueue,enqueue_peor_caso,10000000,5,35962780.0,18742733.3,18755200.0,17944000,105641700,38954429.9
2-Resize,ArrayStack,push_amortizado,10000000,5,6.0,6.0,6.0,5,7,0.7
2-Resize,ArrayQueue,enqueue_amortizado,10000000,5,5.8,5.0,5.0,4,10,2.5
